{"cameraMode":{"drawMode":0,"name":"Shaded","section":"Shading Mode"},"sceneLighting":false,"audioPlay":false,"sceneViewState":{"m_AlwaysRefresh":false,"showFog":true,"showSkybox":false,"showFlares":true,"showImageEffects":true,"showParticleSystems":true,"showVisualEffectGraphs":true,"m_FxEnabled":true},"in2DMode":false,"pivot":{"x":0.007213771343231201,"y":1.0381603240966797,"z":-0.3746967613697052},"rotation":{"x":-0.017147187143564225,"y":0.966537356376648,"z":-0.06709781289100647,"w":-0.2470022439956665},"size":0.80866938829422,"orthographic":false}